-- MySQL dump 10.13  Distrib 5.7.14, for Win64 (x86_64)
--
-- Host: localhost    Database: homestead
-- ------------------------------------------------------
-- Server version	5.7.14

/*!40101 SET @OLD_CHARACTER_SET_CLIENT=@@CHARACTER_SET_CLIENT */;
/*!40101 SET @OLD_CHARACTER_SET_RESULTS=@@CHARACTER_SET_RESULTS */;
/*!40101 SET @OLD_COLLATION_CONNECTION=@@COLLATION_CONNECTION */;
/*!40101 SET NAMES utf8 */;
/*!40103 SET @OLD_TIME_ZONE=@@TIME_ZONE */;
/*!40103 SET TIME_ZONE='+00:00' */;
/*!40014 SET @OLD_UNIQUE_CHECKS=@@UNIQUE_CHECKS, UNIQUE_CHECKS=0 */;
/*!40014 SET @OLD_FOREIGN_KEY_CHECKS=@@FOREIGN_KEY_CHECKS, FOREIGN_KEY_CHECKS=0 */;
/*!40101 SET @OLD_SQL_MODE=@@SQL_MODE, SQL_MODE='NO_AUTO_VALUE_ON_ZERO' */;
/*!40111 SET @OLD_SQL_NOTES=@@SQL_NOTES, SQL_NOTES=0 */;

--
-- Table structure for table `wf_admin`
--

DROP TABLE IF EXISTS `wf_admin`;
/*!40101 SET @saved_cs_client     = @@character_set_client */;
/*!40101 SET character_set_client = utf8 */;
CREATE TABLE `wf_admin` (
  `id` int(11) NOT NULL,
  `jobnum` varchar(25) NOT NULL,
  `username` varchar(50) NOT NULL,
  `sex` tinyint(4) NOT NULL DEFAULT '1',
  `password` varchar(255) DEFAULT '',
  `mobile` varchar(15) NOT NULL,
  `email` varchar(100) NOT NULL,
  `loginnum` int(11) DEFAULT '0',
  `last_login_ip` varchar(30) DEFAULT NULL,
  `last_login_time` int(11) DEFAULT '0',
  `real_name` varchar(255) NOT NULL,
  `status` int(11) DEFAULT '1',
  `job` varchar(20) DEFAULT NULL,
  `jobtitle` varchar(20) DEFAULT NULL,
  `usertype` tinyint(4) DEFAULT '0',
  `_token` varchar(255) DEFAULT NULL,
  `groupid` int(11) NOT NULL,
  `isdel` tinyint(4) NOT NULL DEFAULT '1',
  PRIMARY KEY (`jobnum`)
) ENGINE=InnoDB DEFAULT CHARSET=utf8;
/*!40101 SET character_set_client = @saved_cs_client */;

--
-- Dumping data for table `wf_admin`
--

LOCK TABLES `wf_admin` WRITE;
/*!40000 ALTER TABLE `wf_admin` DISABLE KEYS */;
INSERT INTO `wf_admin` VALUES (1,'180912-001','admins1',1,'/9bf36QMn3z0tVhA/AwHvyl331mPd8M9PKk','15856989689','2216226630@qq.com',36,'127.0.0.1',1540203823,'李文',1,'职员','职工',0,'DdAEu8Ef10Ej924Koj8XuGZ5fTKwGW81LlmqEs4U',2,1),(2,'180912-002','testuser',1,'+9bf2q5YyC30tVhA/AwHvyl3z0qHbNl1','17775298285','2216226630@qq.com',0,NULL,0,'李文',1,'职员','职工',0,'DdAEu8Ef10Ej924Koj8XuGZ5fTKwGW81LlmqEs4U',2,1),(3,'180913-001','admmin1268',0,'pdGPiKdfz3b0tVhA/A0Hvyl3jw/RKpg6','15856989687','222660@qq.com',0,NULL,0,'李文',1,'职员','职工',0,NULL,2,1),(4,'180913-002','admmin1228',0,'/NXbiK5bzXv0tVhA/A0HvSh0jQnXKA','15856989887','22266690@qq.com',0,NULL,0,'李文',1,'职员','职工',0,NULL,2,1),(5,'180913-003','admmin12263',0,'+IHY2aIIyn30tVhA/A0Hvyl1jw/RKpg6','15856989889','222669690@qq.com',0,NULL,0,'李文',1,'职员','职工',0,NULL,2,1);
/*!40000 ALTER TABLE `wf_admin` ENABLE KEYS */;
UNLOCK TABLES;

--
-- Table structure for table `wf_auth_group`
--

DROP TABLE IF EXISTS `wf_auth_group`;
/*!40101 SET @saved_cs_client     = @@character_set_client */;
/*!40101 SET character_set_client = utf8 */;
CREATE TABLE `wf_auth_group` (
  `id` int(11) NOT NULL,
  `title` varchar(100) NOT NULL,
  `status` tinyint(4) NOT NULL DEFAULT '1',
  `rules` varchar(200) DEFAULT NULL,
  `create_time` int(11) DEFAULT NULL,
  `update_time` int(11) DEFAULT NULL,
  `isdel` tinyint(4) NOT NULL DEFAULT '1',
  PRIMARY KEY (`id`)
) ENGINE=InnoDB DEFAULT CHARSET=utf8;
/*!40101 SET character_set_client = @saved_cs_client */;

--
-- Dumping data for table `wf_auth_group`
--

LOCK TABLES `wf_auth_group` WRITE;
/*!40000 ALTER TABLE `wf_auth_group` DISABLE KEYS */;
INSERT INTO `wf_auth_group` VALUES (1,'超级管理员',1,NULL,1446535750,1538979984,1),(2,'公司职员',1,'1,2,8,20,21,22,3,16,17,18,19,4,11,12,13,14,15,5,6,26,27,28,9,10,23,24,25,29,30',1511513392,1539067937,1),(3,'监督员',1,'1,2,8,20,21,22,3,16,17,18,19,4,11,12,13,14,15,5,6,9,10,23,24,25',1536810120,1537258736,1);
/*!40000 ALTER TABLE `wf_auth_group` ENABLE KEYS */;
UNLOCK TABLES;

--
-- Table structure for table `wf_auth_group_access`
--

DROP TABLE IF EXISTS `wf_auth_group_access`;
/*!40101 SET @saved_cs_client     = @@character_set_client */;
/*!40101 SET character_set_client = utf8 */;
CREATE TABLE `wf_auth_group_access` (
  `uid` int(11) NOT NULL,
  `group_id` int(11) NOT NULL,
  PRIMARY KEY (`uid`,`group_id`)
) ENGINE=InnoDB DEFAULT CHARSET=utf8;
/*!40101 SET character_set_client = @saved_cs_client */;

--
-- Dumping data for table `wf_auth_group_access`
--

LOCK TABLES `wf_auth_group_access` WRITE;
/*!40000 ALTER TABLE `wf_auth_group_access` DISABLE KEYS */;
INSERT INTO `wf_auth_group_access` VALUES (1,2),(2,2),(3,2),(4,2),(5,2);
/*!40000 ALTER TABLE `wf_auth_group_access` ENABLE KEYS */;
UNLOCK TABLES;

--
-- Table structure for table `wf_auth_rule`
--

DROP TABLE IF EXISTS `wf_auth_rule`;
/*!40101 SET @saved_cs_client     = @@character_set_client */;
/*!40101 SET character_set_client = utf8 */;
CREATE TABLE `wf_auth_rule` (
  `id` int(11) NOT NULL,
  `name` varchar(80) NOT NULL,
  `title` varchar(20) NOT NULL,
  `type` tinyint(4) NOT NULL DEFAULT '1',
  `status` tinyint(4) NOT NULL DEFAULT '1',
  `css` varchar(50) DEFAULT NULL,
  `condition` varchar(100) DEFAULT NULL,
  `pid` int(11) NOT NULL DEFAULT '0',
  `sort` int(11) NOT NULL DEFAULT '0',
  `created_at` int(11) DEFAULT NULL,
  `updated_at` int(11) DEFAULT NULL,
  `isdel` tinyint(4) NOT NULL DEFAULT '1',
  PRIMARY KEY (`id`)
) ENGINE=InnoDB DEFAULT CHARSET=utf8;
/*!40101 SET character_set_client = @saved_cs_client */;

--
-- Dumping data for table `wf_auth_rule`
--

LOCK TABLES `wf_auth_rule` WRITE;
/*!40000 ALTER TABLE `wf_auth_rule` DISABLE KEYS */;
INSERT INTO `wf_auth_rule` VALUES (1,'#','系统管理',1,1,'fa fa-gear fa-2x  fa-spin text-danger',NULL,0,30,NULL,1537176650,1),(2,'user/index','人员管理',1,1,'fa fa-user-plus',NULL,1,30,NULL,1537176783,1),(3,'role/index','角色管理',1,1,'fa fa-user-secret',NULL,1,10,NULL,1537176721,1),(4,'menu/index','菜单管理',1,1,'fa fa-bookmark-o',NULL,1,30,NULL,1536842384,1),(5,'#','数据库管理',1,1,'fa fa-database  fa-2x  fa-spin text-danger',NULL,0,30,NULL,1536716780,1),(6,'admin/data/index','数据库备份',1,1,'fa fa-floppy-o',NULL,5,50,NULL,1536716780,1),(8,'user/add','添加',1,1,'fa fa-user-plus',NULL,2,50,1536213783,1537255974,1),(9,'#','日志管理',1,1,'fa fa-history  fa-2x  fa-spin text-danger',NULL,0,50,1536582758,1537261923,1),(10,'admin/log/index','日志行为',1,1,'fa fa-clipboard',NULL,9,50,1536582831,1537258591,1),(11,'menu/create','添加',1,1,'fa fa-tree',NULL,4,50,1537254949,1537254949,1),(12,'menu/softEdit','排序',1,1,'fa fa-sort',NULL,4,50,1537255354,1537255354,1),(13,'menu/edit_rule','编辑',1,1,'fa fa-edit',NULL,4,50,1537255452,1537255452,1),(14,'menu/del','删除',1,1,'fa fa-remove',NULL,4,50,1537255507,1537255507,1),(15,'menu/status','状态',1,1,'fa fa-star',NULL,4,50,1537255605,1537255605,1),(16,'role/roleadd','添加',1,1,'fa fa-save',NULL,3,50,1537255686,1537255686,1),(17,'role/edit','更新',1,1,'fa fa-edit',NULL,3,50,1537255743,1537255743,1),(18,'role/del','删除',1,1,'fa fa-remove',NULL,3,50,1537255799,1537255799,1),(19,'role/status','状态',1,1,'fa fa-star',NULL,3,50,1537255863,1537255863,1),(20,'user/userEdit','编辑',1,1,'fa fa-edit',NULL,2,50,1537255922,1537255922,1),(21,'user/status','状态',1,1,'fa fa-star',NULL,2,50,1537255960,1537255960,1),(22,'user/del','删除',1,1,'fa fa-remove',NULL,2,50,1537256014,1537256014,1),(23,'admin/log/operate_log','操作',1,1,NULL,NULL,10,50,1537256220,1537257022,1),(24,'admin/log/del','删除',1,1,'fa fa-recyle',NULL,10,50,1537256246,1537257034,1),(25,'admin/log/Alldel','全部删除',1,1,'fa -fa-remove',NULL,10,50,1537256299,1537259403,1),(26,'admin/data/optimize','优化',1,1,'fa fa-save',NULL,6,50,1537356615,1537356615,1),(27,'admin/data/repair','修复',1,1,'fa fa-edit',NULL,6,50,1537356668,1537356668,1),(28,'admin/data/back','数据库还原',1,1,'fa fa-recycle',NULL,5,50,1537411435,1537411435,1),(29,'#','项目管理',1,1,'fa fa-spinner  fa-2x  fa-spin text-danger',NULL,0,50,1537435914,1537435951,1),(30,'admin/project/index','我的项目',1,1,'fa fa-list',NULL,29,50,1537439345,1537439345,1);
/*!40000 ALTER TABLE `wf_auth_rule` ENABLE KEYS */;
UNLOCK TABLES;

--
-- Table structure for table `wf_log`
--

DROP TABLE IF EXISTS `wf_log`;
/*!40101 SET @saved_cs_client     = @@character_set_client */;
/*!40101 SET character_set_client = utf8 */;
CREATE TABLE `wf_log` (
  `id` int(11) NOT NULL AUTO_INCREMENT COMMENT '日志记录id',
  `admin_id` int(11) DEFAULT NULL COMMENT '用户id',
  `admin_name` varchar(50) DEFAULT NULL COMMENT '用户名',
  `description` varchar(300) DEFAULT NULL COMMENT '描述',
  `ip` char(60) DEFAULT NULL COMMENT 'ip地址',
  `status` tinyint(4) DEFAULT NULL COMMENT '状态',
  `add_time` int(11) DEFAULT NULL COMMENT '操作时间',
  `isdel` tinyint(4) NOT NULL DEFAULT '1' COMMENT '默认1',
  PRIMARY KEY (`id`)
) ENGINE=MyISAM AUTO_INCREMENT=382 DEFAULT CHARSET=utf8;
/*!40101 SET character_set_client = @saved_cs_client */;

--
-- Dumping data for table `wf_log`
--

LOCK TABLES `wf_log` WRITE;
/*!40000 ALTER TABLE `wf_log` DISABLE KEYS */;
INSERT INTO `wf_log` VALUES (2,4,'admins1','用户【admins1】登录成功','127.0.0.1',1,1536634096,1),(3,4,'admins1','用户【admins1】退出登录！','127.0.0.1',1,1536646658,1),(4,4,'admins1','用户【admins1】登录成功','127.0.0.1',1,1536647444,1),(5,4,'admins1','用户【admins1】更新角色状态成功！','127.0.0.1',1,1536653229,1),(6,4,'admins1','用户【admins1】更新角色状态成功！','127.0.0.1',1,1536653230,1),(7,4,'admins1','用户【admins1】更新角色状态成功！','127.0.0.1',1,1536653231,1),(8,4,'admins1','用户【admins1】更新角色状态成功！','127.0.0.1',1,1536654913,1),(9,4,'admins1','用户【admins1】更新用户状态成功！','127.0.0.1',1,1536670413,1),(10,4,'admins1','用户【admins1】更新用户状态成功！','127.0.0.1',1,1536670418,1),(11,4,'admins1','用户【admins1】更新用户状态失败！','127.0.0.1',0,1536670418,1),(12,4,'admins1','用户【admins1】更新用户状态失败！','127.0.0.1',0,1536670456,1),(13,4,'admins1','用户【admins1】更新用户状态成功！','127.0.0.1',1,1536670456,1),(14,4,'admins1','用户【admins1】更新用户状态成功！','127.0.0.1',1,1536670463,1),(15,4,'admins1','用户【admins1】更新用户状态成功！','127.0.0.1',1,1536670466,1),(16,4,'admins1','用户【admins1】更新用户状态成功！','127.0.0.1',1,1536670468,1),(17,4,'admins1','用户【admins1】更新用户状态失败！','127.0.0.1',0,1536670468,1),(18,4,'admins1','用户【admins1】更新用户状态成功！','127.0.0.1',1,1536670481,1),(19,4,'admins1','用户【admins1】登录成功','127.0.0.1',1,1536712528,1),(20,4,'admins1','用户【admins1】菜单排序成功！','127.0.0.1',1,1536716780,1),(21,4,'admins1','用户【admins1】登录密码不正确！','127.0.0.1',0,1536718868,1),(22,4,'admins1','用户【admins1】注册用户成功！','127.0.0.1',1,1536718992,1),(23,4,'admins1','用户【admins1】注册用户成功！','127.0.0.1',1,1536719216,1),(24,4,'admins1','用户【admins1】注册用户成功！','127.0.0.1',1,1536719706,1),(25,4,'admins1','用户【admins1】更新用户信息成功！','127.0.0.1',1,1536719745,1),(26,4,'admins1','用户【admins1】退出登录！','127.0.0.1',1,1536719765,1),(27,1,'admins1','用户【admins1】登录成功','127.0.0.1',1,1536719769,1),(28,1,'admins1','用户【admins1】注册用户成功！','127.0.0.1',1,1536719984,1),(29,1,'admins1','用户【admins1】删除用户失败！','127.0.0.1',0,1536720108,1),(30,1,'admins1','用户【admins1】删除用户失败！','127.0.0.1',0,1536720238,1),(31,1,'admins1','用户【admins1】删除用户失败！','127.0.0.1',0,1536720272,1),(32,1,'admins1','用户【admins1】验证用户字段失败！','127.0.0.1',0,1536720449,1),(33,1,'admins1','用户【admins1】验证用户字段失败！','127.0.0.1',0,1536720490,1),(34,1,'admins1','用户【admins1】验证用户字段失败！','127.0.0.1',0,1536720514,1),(35,1,'admins1','用户【admins1】注册用户成功！','127.0.0.1',1,1536720531,1),(36,1,'admins1','用户【admins1】删除用户成功！','127.0.0.1',1,1536720543,1),(37,1,'admins1','用户【admins1】注册用户成功！','127.0.0.1',1,1536720576,1),(38,1,'admins1','用户【admins1】登录成功','127.0.0.1',1,1536799823,1),(39,1,'admins1','用户【admins1】更新用户状态成功！','127.0.0.1',1,1536801568,1),(40,1,'admins1','用户【admins1】更新用户状态成功！','127.0.0.1',1,1536801570,1),(41,1,'admins1','用户【admins1】更新用户状态成功！','127.0.0.1',1,1536801570,1),(42,1,'admins1','用户【admins1】更新用户状态失败！','127.0.0.1',0,1536801573,1),(43,1,'admins1','用户【admins1】更新用户状态失败！','127.0.0.1',0,1536801573,1),(44,1,'admins1','用户【admins1】更新用户状态失败！','127.0.0.1',0,1536801574,1),(45,1,'admins1','用户【admins1】更新用户状态失败！','127.0.0.1',0,1536801574,1),(46,1,'admins1','用户【admins1】更新用户状态失败！','127.0.0.1',0,1536801575,1),(47,1,'admins1','用户【admins1】更新用户状态失败！','127.0.0.1',0,1536801576,1),(48,1,'admins1','用户【admins1】更新用户状态失败！','127.0.0.1',0,1536801576,1),(49,1,'admins1','用户【admins1】更新用户状态失败！','127.0.0.1',0,1536801576,1),(50,1,'admins1','用户【admins1】更新用户状态失败！','127.0.0.1',0,1536801576,1),(51,1,'admins1','用户【admins1】更新用户状态失败！','127.0.0.1',0,1536801577,1),(52,1,'admins1','用户【admins1】更新用户状态失败！','127.0.0.1',0,1536801577,1),(53,1,'admins1','用户【admins1】更新用户状态失败！','127.0.0.1',0,1536801577,1),(54,1,'admins1','用户【admins1】更新用户状态失败！','127.0.0.1',0,1536801577,1),(55,1,'admins1','用户【admins1】更新用户状态失败！','127.0.0.1',0,1536801577,1),(56,1,'admins1','用户【admins1】更新用户状态失败！','127.0.0.1',0,1536801577,1),(57,1,'admins1','用户【admins1】更新用户状态失败！','127.0.0.1',0,1536801577,1),(58,1,'admins1','用户【admins1】更新用户状态失败！','127.0.0.1',0,1536801580,1),(59,1,'admins1','用户【admins1】更新用户状态失败！','127.0.0.1',0,1536801580,1),(60,1,'admins1','用户【admins1】更新用户状态失败！','127.0.0.1',0,1536801581,1),(61,1,'admins1','用户【admins1】更新用户状态失败！','127.0.0.1',0,1536801581,1),(62,1,'admins1','用户【admins1】更新用户状态失败！','127.0.0.1',0,1536801581,1),(63,1,'admins1','用户【admins1】更新用户状态失败！','127.0.0.1',0,1536801581,1),(64,1,'admins1','用户【admins1】更新用户状态失败！','127.0.0.1',0,1536801581,1),(65,1,'admins1','用户【admins1】更新用户状态失败！','127.0.0.1',0,1536801581,1),(66,1,'admins1','用户【admins1】更新用户状态成功！','127.0.0.1',1,1536801632,1),(67,1,'admins1','用户【admins1】登录成功','127.0.0.1',1,1536802022,1),(68,1,'admins1','用户【admins1】更新用户状态成功！','127.0.0.1',1,1536802028,1),(69,1,'admins1','用户【admins1】验证用户字段失败！','127.0.0.1',0,1536802070,1),(70,1,'admins1','用户【admins1】注册用户成功！','127.0.0.1',1,1536802078,1),(71,1,'admins1','用户【admins1】更新用户状态成功！','127.0.0.1',1,1536802090,1),(72,1,'admins1','用户【admins1】更新用户状态成功！','127.0.0.1',1,1536802092,1),(73,1,'admins1','用户【admins1】更新用户状态失败！','127.0.0.1',0,1536802092,1),(74,1,'admins1','用户【admins1】验证用户字段失败！','127.0.0.1',0,1536802117,1),(75,1,'admins1','用户【admins1】注册用户成功！','127.0.0.1',1,1536802123,1),(76,1,'admins1','用户【admins1】更新用户状态成功！','127.0.0.1',1,1536802464,1),(77,1,'admins1','用户【admins1】更新用户状态成功！','127.0.0.1',1,1536802466,1),(78,1,'admins1','用户【admins1】更新用户状态成功！','127.0.0.1',1,1536802469,1),(79,1,'admins1','用户【admins1】验证用户字段失败！','127.0.0.1',0,1536802898,1),(80,1,'admins1','用户【admins1】验证用户字段失败！','127.0.0.1',0,1536802903,1),(81,1,'admins1','用户【admins1】注册用户成功！','127.0.0.1',1,1536803458,1),(82,1,'admins1','用户【admins1】验证用户字段失败！','127.0.0.1',0,1536803467,1),(83,1,'admins1','用户【admins1】验证用户字段失败！','127.0.0.1',0,1536803859,1),(84,1,'admins1','用户【admins1】验证用户字段失败！','127.0.0.1',0,1536803875,1),(85,1,'admins1','用户【admins1】验证用户字段失败！','127.0.0.1',0,1536803877,1),(86,1,'admins1','用户【admins1】验证用户字段失败！','127.0.0.1',0,1536803986,1),(87,1,'admins1','用户【admins1】验证用户字段失败！','127.0.0.1',0,1536803997,1),(88,1,'admins1','用户【admins1】验证用户字段失败！','127.0.0.1',0,1536804436,1),(89,1,'admins1','用户【admins1】注册用户成功！','127.0.0.1',1,1536804444,1),(90,1,'admins1','用户【admins1】验证用户字段失败！','127.0.0.1',0,1536804708,1),(91,1,'admins1','用户【admins1】注册用户成功！','127.0.0.1',1,1536804848,1),(92,1,'admins1','用户【admins1】注册用户成功！','127.0.0.1',1,1536805055,1),(93,1,'admins1','用户【admins1】验证用户字段失败！','127.0.0.1',0,1536805063,1),(94,1,'admins1','用户【admins1】注册用户成功！','127.0.0.1',1,1536805170,1),(95,1,'admins1','用户【admins1】验证用户字段失败！','127.0.0.1',0,1536805199,1),(96,1,'admins1','用户【admins1】注册用户成功！','127.0.0.1',1,1536805211,1),(97,1,'admins1','用户【admins1】注册用户成功！','127.0.0.1',1,1536805239,1),(98,1,'admins1','用户【admins1】更新用户状态成功！','127.0.0.1',1,1536805289,1),(99,1,'admins1','用户【admins1】更新用户状态成功！','127.0.0.1',1,1536805291,1),(100,1,'admins1','用户【admins1】更新用户状态失败！','127.0.0.1',0,1536805291,1),(101,1,'admins1','用户【admins1】更新用户状态成功！','127.0.0.1',1,1536805294,1),(102,1,'admins1','用户【admins1】更新用户状态成功！','127.0.0.1',1,1536805296,1),(103,1,'admins1','用户【admins1】更新用户状态失败！','127.0.0.1',0,1536805296,1),(104,1,'admins1','用户【admins1】更新用户状态成功！','127.0.0.1',1,1536805298,1),(105,1,'admins1','用户【admins1】更新用户状态成功！','127.0.0.1',1,1536805300,1),(106,1,'admins1','用户【admins1】更新用户状态失败！','127.0.0.1',0,1536805300,1),(107,1,'admins1','用户【admins1】更新用户状态成功！','127.0.0.1',1,1536805303,1),(108,1,'admins1','用户【admins1】更新用户状态失败！','127.0.0.1',0,1536805303,1),(109,1,'admins1','用户【admins1】更新用户状态成功！','127.0.0.1',1,1536805305,1),(110,1,'admins1','用户【admins1】更新用户状态失败！','127.0.0.1',0,1536805305,1),(111,1,'admins1','用户【admins1】更新用户状态成功！','127.0.0.1',1,1536805330,1),(112,1,'admins1','用户【admins1】更新用户状态成功！','127.0.0.1',1,1536805332,1),(113,1,'admins1','用户【admins1】更新用户状态失败！','127.0.0.1',0,1536805332,1),(114,1,'admins1','用户【admins1】更新用户状态成功！','127.0.0.1',1,1536805335,1),(115,1,'admins1','用户【admins1】更新用户状态失败！','127.0.0.1',0,1536805335,1),(116,1,'admins1','用户【admins1】更新用户状态成功！','127.0.0.1',1,1536805337,1),(117,1,'admins1','用户【admins1】更新用户状态失败！','127.0.0.1',0,1536805337,1),(118,1,'admins1','用户【admins1】更新用户状态成功！','127.0.0.1',1,1536805339,1),(119,1,'admins1','用户【admins1】更新用户状态失败！','127.0.0.1',0,1536805339,1),(120,1,'admins1','用户【admins1】更新用户状态成功！','127.0.0.1',1,1536805342,1),(121,1,'admins1','用户【admins1】更新用户状态失败！','127.0.0.1',0,1536805342,1),(122,1,'admins1','用户【admins1】更新用户状态成功！','127.0.0.1',1,1536805344,1),(123,1,'admins1','用户【admins1】更新用户状态失败！','127.0.0.1',0,1536805344,1),(124,1,'admins1','用户【admins1】更新用户状态成功！','127.0.0.1',1,1536805349,1),(125,1,'admins1','用户【admins1】更新用户状态失败！','127.0.0.1',0,1536805349,1),(126,1,'admins1','用户【admins1】更新用户状态成功！','127.0.0.1',1,1536805352,1),(127,1,'admins1','用户【admins1】更新用户状态失败！','127.0.0.1',0,1536805352,1),(128,1,'admins1','用户【admins1】更新用户状态成功！','127.0.0.1',1,1536805463,1),(129,1,'admins1','用户【admins1】更新用户状态成功！','127.0.0.1',1,1536805466,1),(130,1,'admins1','用户【admins1】更新用户状态失败！','127.0.0.1',0,1536805466,1),(131,1,'admins1','用户【admins1】更新用户状态成功！','127.0.0.1',1,1536805524,1),(132,1,'admins1','用户【admins1】更新用户状态成功！','127.0.0.1',1,1536805527,1),(133,1,'admins1','用户【admins1】更新用户状态失败！','127.0.0.1',0,1536805527,1),(134,1,'admins1','用户【admins1】更新用户状态成功！','127.0.0.1',1,1536805529,1),(135,1,'admins1','用户【admins1】更新用户状态失败！','127.0.0.1',0,1536805529,1),(136,1,'admins1','用户【admins1】更新用户状态成功！','127.0.0.1',1,1536805532,1),(137,1,'admins1','用户【admins1】更新用户状态成功！','127.0.0.1',1,1536805534,1),(138,1,'admins1','用户【admins1】更新用户状态失败！','127.0.0.1',0,1536805534,1),(139,1,'admins1','用户【admins1】更新用户状态成功！','127.0.0.1',1,1536805537,1),(140,1,'admins1','用户【admins1】更新用户状态失败！','127.0.0.1',0,1536805537,1),(141,1,'admins1','用户【admins1】更新用户状态失败！','127.0.0.1',0,1536805544,1),(142,1,'admins1','用户【admins1】更新用户状态成功！','127.0.0.1',1,1536805544,1),(143,1,'admins1','用户【admins1】更新用户状态失败！','127.0.0.1',0,1536805546,1),(144,1,'admins1','用户【admins1】更新用户状态成功！','127.0.0.1',1,1536805546,1),(145,1,'admins1','用户【admins1】更新用户状态成功！','127.0.0.1',1,1536805562,1),(146,1,'admins1','用户【admins1】更新用户状态失败！','127.0.0.1',0,1536805562,1),(147,1,'admins1','用户【admins1】更新用户状态成功！','127.0.0.1',1,1536805564,1),(148,1,'admins1','用户【admins1】更新用户状态失败！','127.0.0.1',0,1536805564,1),(149,1,'admins1','用户【admins1】更新用户状态成功！','127.0.0.1',1,1536805599,1),(150,1,'admins1','用户【admins1】更新用户状态成功！','127.0.0.1',1,1536805602,1),(151,1,'admins1','用户【admins1】更新用户状态失败！','127.0.0.1',0,1536805602,1),(152,1,'admins1','用户【admins1】更新用户状态成功！','127.0.0.1',1,1536805604,1),(153,1,'admins1','用户【admins1】更新用户状态失败！','127.0.0.1',0,1536805604,1),(154,1,'admins1','用户【admins1】更新用户状态成功！','127.0.0.1',1,1536805606,1),(155,1,'admins1','用户【admins1】更新用户状态失败！','127.0.0.1',0,1536805606,1),(156,1,'admins1','用户【admins1】更新用户状态失败！','127.0.0.1',0,1536805609,1),(157,1,'admins1','用户【admins1】更新用户状态成功！','127.0.0.1',1,1536805609,1),(158,1,'admins1','用户【admins1】更新用户状态成功！','127.0.0.1',1,1536805611,1),(159,1,'admins1','用户【admins1】更新用户状态失败！','127.0.0.1',0,1536805611,1),(160,1,'admins1','用户【admins1】更新用户状态成功！','127.0.0.1',1,1536805613,1),(161,1,'admins1','用户【admins1】更新用户状态失败！','127.0.0.1',0,1536805613,1),(162,1,'admins1','用户【admins1】更新用户状态成功！','127.0.0.1',1,1536805615,1),(163,1,'admins1','用户【admins1】更新用户状态失败！','127.0.0.1',0,1536805615,1),(164,1,'admins1','用户【admins1】更新用户状态成功！','127.0.0.1',1,1536805632,1),(165,1,'admins1','用户【admins1】更新用户状态失败！','127.0.0.1',0,1536805632,1),(166,1,'admins1','用户【admins1】更新用户状态成功！','127.0.0.1',1,1536805952,1),(167,1,'admins1','用户【admins1】更新用户状态成功！','127.0.0.1',1,1536805954,1),(168,1,'admins1','用户【admins1】更新用户状态失败！','127.0.0.1',0,1536805954,1),(169,1,'admins1','用户【admins1】更新用户状态成功！','127.0.0.1',1,1536805956,1),(170,1,'admins1','用户【admins1】更新用户状态失败！','127.0.0.1',0,1536805956,1),(171,1,'admins1','用户【admins1】更新用户状态成功！','127.0.0.1',1,1536805958,1),(172,1,'admins1','用户【admins1】更新用户状态失败！','127.0.0.1',0,1536805958,1),(173,1,'admins1','用户【admins1】更新用户状态成功！','127.0.0.1',1,1536805961,1),(174,1,'admins1','用户【admins1】更新用户状态失败！','127.0.0.1',0,1536805961,1),(175,1,'admins1','用户【admins1】更新用户状态成功！','127.0.0.1',1,1536806226,1),(176,1,'admins1','用户【admins1】更新用户状态成功！','127.0.0.1',1,1536806228,1),(177,1,'admins1','用户【admins1】更新用户状态失败！','127.0.0.1',0,1536806228,1),(178,1,'admins1','用户【admins1】更新用户状态成功！','127.0.0.1',1,1536806232,1),(179,1,'admins1','用户【admins1】更新用户状态失败！','127.0.0.1',0,1536806232,1),(180,1,'admins1','用户【admins1】更新用户状态成功！','127.0.0.1',1,1536806234,1),(181,1,'admins1','用户【admins1】更新用户状态失败！','127.0.0.1',0,1536806234,1),(182,1,'admins1','用户【admins1】更新用户状态成功！','127.0.0.1',1,1536806236,1),(183,1,'admins1','用户【admins1】更新用户状态失败！','127.0.0.1',0,1536806236,1),(184,1,'admins1','用户【admins1】更新用户状态成功！','127.0.0.1',1,1536806238,1),(185,1,'admins1','用户【admins1】更新用户状态失败！','127.0.0.1',0,1536806238,1),(186,1,'admins1','用户【admins1】更新用户状态成功！','127.0.0.1',1,1536806240,1),(187,1,'admins1','用户【admins1】更新用户状态失败！','127.0.0.1',0,1536806240,1),(188,1,'admins1','用户【admins1】更新用户状态成功！','127.0.0.1',1,1536806243,1),(189,1,'admins1','用户【admins1】更新用户状态失败！','127.0.0.1',0,1536806243,1),(190,1,'admins1','用户【admins1】更新用户状态成功！','127.0.0.1',1,1536806246,1),(191,1,'admins1','用户【admins1】更新用户状态失败！','127.0.0.1',0,1536806246,1),(192,1,'admins1','用户【admins1】更新用户状态成功！','127.0.0.1',1,1536806250,1),(193,1,'admins1','用户【admins1】更新用户状态失败！','127.0.0.1',0,1536806250,1),(194,1,'admins1','用户【admins1】更新用户状态成功！','127.0.0.1',1,1536806253,1),(195,1,'admins1','用户【admins1】更新用户状态成功！','127.0.0.1',1,1536806256,1),(196,1,'admins1','用户【admins1】更新用户状态成功！','127.0.0.1',1,1536806259,1),(197,1,'admins1','用户【admins1】更新用户状态成功！','127.0.0.1',1,1536806261,1),(198,1,'admins1','用户【admins1】更新用户状态成功！','127.0.0.1',1,1536806265,1),(199,1,'admins1','用户【admins1】更新用户状态成功！','127.0.0.1',1,1536806270,1),(200,1,'admins1','用户【admins1】更新用户状态成功！','127.0.0.1',1,1536806277,1),(201,1,'admins1','用户【admins1】更新用户状态成功！','127.0.0.1',1,1536806279,1),(202,1,'admins1','用户【admins1】更新用户状态成功！','127.0.0.1',1,1536806282,1),(203,1,'admins1','用户【admins1】更新用户状态成功！','127.0.0.1',1,1536806286,1),(204,1,'admins1','用户【admins1】更新用户状态失败！','127.0.0.1',0,1536806286,1),(205,1,'admins1','用户【admins1】添加角色成功！','127.0.0.1',1,1536810120,1),(206,1,'admins1','用户【admins1】更新用户信息成功！','127.0.0.1',1,1536810133,1),(207,1,'admins1','用户【admins1】更新用户信息成功！','127.0.0.1',1,1536810150,1),(208,1,'admins1','用户【admins1】登录成功','127.0.0.1',1,1536820356,1),(209,1,'admins1','用户【admins1】更新用户信息成功！','127.0.0.1',1,1536828838,1),(210,1,'admins1','用户【admins1】登录成功','127.0.0.1',1,1536833932,1),(211,1,'admins1','用户【admins1】登录成功','127.0.0.1',1,1536834048,1),(212,1,'admins1','用户【admins1】权限分配成功！','127.0.0.1',1,1536839240,1),(213,1,'admins1','用户【admins1】退出登录！','127.0.0.1',1,1536842191,1),(214,1,'admins1','用户【admins1】登录成功','127.0.0.1',1,1536842199,1),(215,1,'admins1','用户【admins1】登录成功','127.0.0.1',1,1536885156,1),(216,1,'admins1','用户【admins1】登录成功','127.0.0.1',1,1536886112,1),(217,1,'admins1','用户【admins1】登录成功','127.0.0.1',1,1536886148,1),(218,1,'admins1','用户【admins1】退出登录！','127.0.0.1',1,1536893585,1),(219,1,'admins1','用户【admins1】登录成功','127.0.0.1',1,1536896992,1),(220,1,'admins1','用户【admins1】登录成功','127.0.0.1',1,1536904248,1),(221,1,'admins1','用户【admins1】权限分配成功！','127.0.0.1',1,1536904266,1),(222,1,'admins1','用户【admins1】权限分配成功！','127.0.0.1',1,1536904266,1),(223,1,'admins1','用户【admins1】退出登录！','127.0.0.1',1,1536905461,1),(224,1,'admins1','用户【admins1】登录成功','127.0.0.1',1,1537164045,1),(225,1,'admins1','用户【admins1】退出登录！','127.0.0.1',1,1537164481,1),(226,NULL,NULL,'用户【】输入密码不正确','127.0.0.1',0,1537175188,1),(227,1,'admins1','用户【admins1】登录成功','127.0.0.1',1,1537175204,1),(228,1,'admins1','用户【admins1】输入密码不正确','127.0.0.1',0,1537175586,1),(229,1,'admins1','用户【admins1】输入密码不正确','127.0.0.1',0,1537175594,1),(230,1,'admins1','用户【admins1】输入密码不正确','127.0.0.1',0,1537175608,1),(231,1,'admins1','用户【admins1】输入密码不正确','127.0.0.1',0,1537175627,1),(232,1,'admins1','用户【admins1】输入密码不正确','127.0.0.1',0,1537175640,1),(233,1,'admins1','用户【admins1】重置密码成功','127.0.0.1',1,1537175661,1),(234,1,'admins1','用户【admins1】输入密码不正确','127.0.0.1',0,1537175668,1),(235,1,'admins1','用户【admins1】登录成功','127.0.0.1',1,1537175683,1),(236,1,'admins1','用户【admins1】更新用户状态成功！','127.0.0.1',1,1537175804,1),(237,1,'admins1','用户【admins1】更新用户状态成功！','127.0.0.1',1,1537175807,1),(238,1,'admins1','用户【admins1】更新用户状态失败！','127.0.0.1',0,1537175807,1),(239,1,'admins1','用户【admins1】更新用户状态成功！','127.0.0.1',1,1537175812,1),(240,1,'admins1','用户【admins1】更新用户状态成功！','127.0.0.1',1,1537175815,1),(241,1,'admins1','用户【admins1】更新用户状态成功！','127.0.0.1',1,1537175818,1),(242,1,'admins1','用户【admins1】权限分配成功！','127.0.0.1',1,1537175838,1),(243,1,'admins1','用户【admins1】更新角色状态成功！','127.0.0.1',1,1537175985,1),(244,1,'admins1','用户【admins1】更新角色状态成功！','127.0.0.1',1,1537175987,1),(245,1,'admins1','用户【admins1】更新角色状态成功！','127.0.0.1',1,1537175989,1),(246,1,'admins1','用户【admins1】更新角色状态成功！','127.0.0.1',1,1537175991,1),(247,1,'admins1','用户【admins1】更新角色状态成功！','127.0.0.1',1,1537175994,1),(248,1,'admins1','用户【admins1】更新角色状态成功！','127.0.0.1',1,1537175996,1),(249,1,'admins1','用户【admins1】更新角色状态成功！','127.0.0.1',1,1537175997,1),(250,1,'admins1','用户【admins1】更新用户状态成功！','127.0.0.1',1,1537176001,1),(251,1,'admins1','用户【admins1】更新用户状态成功！','127.0.0.1',1,1537176360,1),(252,1,'admins1','用户【admins1】更新用户状态成功！','127.0.0.1',1,1537176363,1),(253,1,'admins1','用户【admins1】更新用户状态失败！','127.0.0.1',0,1537176363,1),(254,1,'admins1','用户【admins1】更新用户状态成功！','127.0.0.1',1,1537176406,1),(255,1,'admins1','用户【admins1】更新用户状态成功！','127.0.0.1',1,1537176409,1),(256,1,'admins1','用户【admins1】更新用户状态失败！','127.0.0.1',0,1537176409,1),(257,1,'admins1','用户【admins1】更新用户状态成功！','127.0.0.1',1,1537176549,1),(258,1,'admins1','用户【admins1】更新用户状态成功！','127.0.0.1',1,1537176552,1),(259,1,'admins1','用户【admins1】更新用户状态成功！','127.0.0.1',1,1537176554,1),(260,1,'admins1','用户【admins1】更新用户状态成功！','127.0.0.1',1,1537176564,1),(261,1,'admins1','用户【admins1】更新用户状态成功！','127.0.0.1',1,1537176567,1),(262,1,'admins1','用户【admins1】更新用户状态失败！','127.0.0.1',0,1537176567,1),(263,1,'admins1','用户【admins1】更新用户状态成功！','127.0.0.1',1,1537176604,1),(264,1,'admins1','用户【admins1】更新用户状态成功！','127.0.0.1',1,1537176606,1),(265,1,'admins1','用户【admins1】更新用户状态成功！','127.0.0.1',1,1537176606,1),(266,1,'admins1','用户【admins1】更新用户状态成功！','127.0.0.1',1,1537176608,1),(267,1,'admins1','用户【admins1】更新用户状态成功！','127.0.0.1',1,1537176608,1),(268,1,'admins1','用户【admins1】更新用户状态成功！','127.0.0.1',1,1537176610,1),(269,1,'admins1','用户【admins1】更新用户状态成功！','127.0.0.1',1,1537176610,1),(270,1,'admins1','用户【admins1】更新用户状态成功！','127.0.0.1',1,1537176613,1),(271,1,'admins1','用户【admins1】更新用户状态成功！','127.0.0.1',1,1537176613,1),(272,1,'admins1','用户【admins1】更新用户状态成功！','127.0.0.1',1,1537176615,1),(273,1,'admins1','用户【admins1】更新用户状态成功！','127.0.0.1',1,1537176615,1),(274,1,'admins1','用户【admins1】更新用户状态成功！','127.0.0.1',1,1537176632,1),(275,1,'admins1','用户【admins1】更新用户状态成功！','127.0.0.1',1,1537176632,1),(276,1,'admins1','用户【admins1】更新用户状态成功！','127.0.0.1',1,1537176634,1),(277,1,'admins1','用户【admins1】更新用户状态成功！','127.0.0.1',1,1537176634,1),(278,1,'admins1','用户【admins1】更新用户状态成功！','127.0.0.1',1,1537176638,1),(279,NULL,NULL,'用户【】所对应角色被封','127.0.0.1',0,1537232167,1),(280,NULL,NULL,'用户【】所对应角色被封','127.0.0.1',0,1537232178,1),(281,1,'admins1','用户【admins1】登录成功','127.0.0.1',1,1537232219,1),(282,1,'admins1','用户【admins1】退出登录！','127.0.0.1',1,1537235739,1),(283,1,'admins1','用户【admins1】登录成功','127.0.0.1',1,1537235745,1),(284,1,'admins1','用户【admins1】更新用户状态成功！','127.0.0.1',1,1537235792,1),(285,1,'admins1','用户【admins1】更新用户状态成功！','127.0.0.1',1,1537235794,1),(286,1,'admins1','用户【admins1】更新用户状态成功！','127.0.0.1',1,1537235794,1),(287,1,'admins1','用户【admins1】登录成功','127.0.0.1',1,1537252350,1),(288,1,'admins1','用户【admins1】更新角色状态成功！','127.0.0.1',1,1537254295,1),(289,1,'admins1','用户【admins1】添加菜单成功！','127.0.0.1',1,1537254949,1),(290,1,'admins1','用户【admins1】添加菜单成功！','127.0.0.1',1,1537254950,1),(291,1,'admins1','用户【admins1】添加菜单成功！','127.0.0.1',1,1537254951,1),(292,1,'admins1','用户【admins1】添加菜单成功！','127.0.0.1',1,1537254951,1),(293,1,'admins1','用户【admins1】添加菜单成功！','127.0.0.1',1,1537254952,1),(294,1,'admins1','用户【admins1】添加菜单成功！','127.0.0.1',1,1537254952,1),(295,1,'admins1','用户【admins1】添加菜单成功！','127.0.0.1',1,1537254952,1),(296,1,'admins1','用户【admins1】添加菜单成功！','127.0.0.1',1,1537254953,1),(297,1,'admins1','用户【admins1】添加菜单成功！','127.0.0.1',1,1537254958,1),(298,1,'admins1','用户【admins1】添加菜单成功！','127.0.0.1',1,1537255354,1),(299,1,'admins1','用户【admins1】添加菜单成功！','127.0.0.1',1,1537255452,1),(300,1,'admins1','用户【admins1】添加菜单成功！','127.0.0.1',1,1537255507,1),(301,1,'admins1','用户【admins1】添加菜单成功！','127.0.0.1',1,1537255605,1),(302,1,'admins1','用户【admins1】添加菜单成功！','127.0.0.1',1,1537255686,1),(303,1,'admins1','用户【admins1】添加菜单成功！','127.0.0.1',1,1537255743,1),(304,1,'admins1','用户【admins1】添加菜单成功！','127.0.0.1',1,1537255799,1),(305,1,'admins1','用户【admins1】添加菜单成功！','127.0.0.1',1,1537255863,1),(306,1,'admins1','用户【admins1】添加菜单成功！','127.0.0.1',1,1537255922,1),(307,1,'admins1','用户【admins1】添加菜单成功！','127.0.0.1',1,1537255960,1),(308,1,'admins1','用户【admins1】添加菜单成功！','127.0.0.1',1,1537256014,1),(309,1,'admins1','用户【admins1】添加菜单成功！','127.0.0.1',1,1537256169,1),(310,1,'admins1','用户【admins1】添加菜单成功！','127.0.0.1',1,1537256220,1),(311,1,'admins1','用户【admins1】添加菜单成功！','127.0.0.1',1,1537256246,1),(312,1,'admins1','用户【admins1】添加菜单成功！','127.0.0.1',1,1537256299,1),(313,1,'admins1','用户【admins1】更新用户状态成功！','127.0.0.1',1,1537256454,1),(314,1,'admins1','用户【admins1】更新用户状态成功！','127.0.0.1',1,1537256455,1),(315,1,'admins1','用户【admins1】更新用户状态成功！','127.0.0.1',1,1537256456,1),(316,1,'admins1','用户【admins1】更新用户状态成功！','127.0.0.1',1,1537256456,1),(317,1,'admins1','用户【admins1】更新用户状态成功！','127.0.0.1',1,1537256456,1),(318,1,'admins1','用户【admins1】更新用户状态成功！','127.0.0.1',1,1537256456,1),(319,1,'admins1','用户【admins1】更新用户状态成功！','127.0.0.1',1,1537256457,1),(320,1,'admins1','用户【admins1】更新用户状态成功！','127.0.0.1',1,1537256457,1),(321,1,'admins1','用户【admins1】更新用户状态成功！','127.0.0.1',1,1537256467,1),(322,1,'admins1','用户【admins1】更新用户状态成功！','127.0.0.1',1,1537256561,1),(323,1,'admins1','用户【admins1】更新用户状态成功！','127.0.0.1',1,1537256564,1),(324,1,'admins1','用户【admins1】更新用户状态成功！','127.0.0.1',1,1537256564,1),(325,1,'admins1','用户【admins1】权限分配成功！','127.0.0.1',1,1537256593,1),(326,1,'admins1','用户【admins1】登录成功','127.0.0.1',1,1537256756,1),(327,1,'admins1','用户【admins1】更新角色状态成功！','127.0.0.1',1,1537256862,1),(328,1,'admins1','用户【admins1】更新角色状态成功！','127.0.0.1',1,1537256863,1),(329,1,'admins1','用户【admins1】更新角色状态成功！','127.0.0.1',1,1537256863,1),(330,1,'admins1','用户【admins1】更新角色状态成功！','127.0.0.1',1,1537256863,1),(331,1,'admins1','用户【admins1】更新角色状态成功！','127.0.0.1',1,1537256863,1),(332,1,'admins1','用户【admins1】更新角色状态成功！','127.0.0.1',1,1537256863,1),(333,1,'admins1','用户【admins1】更新角色状态成功！','127.0.0.1',1,1537256864,1),(334,1,'admins1','用户【admins1】更新角色状态成功！','127.0.0.1',1,1537256864,1),(335,1,'admins1','用户【admins1】更新角色状态成功！','127.0.0.1',1,1537256864,1),(336,1,'admins1','用户【admins1】更新角色状态成功！','127.0.0.1',1,1537256864,1),(337,1,'admins1','用户【admins1】更新角色状态成功！','127.0.0.1',1,1537256864,1),(338,1,'admins1','用户【admins1】更新角色状态成功！','127.0.0.1',1,1537256865,1),(339,1,'admins1','用户【admins1】更新角色状态成功！','127.0.0.1',1,1537256865,1),(340,1,'admins1','用户【admins1】更新角色状态成功！','127.0.0.1',1,1537257119,1),(341,1,'admins1','用户【admins1】删除用户成功！','127.0.0.1',1,1537257698,1),(342,1,'admins1','用户【admins1】编辑角色成功！','127.0.0.1',1,1537258654,1),(343,1,'admins1','用户【admins1】权限分配成功！','127.0.0.1',1,1537258736,1),(344,1,'admins1','用户【admins1】退出登录！','127.0.0.1',1,1537260660,1),(345,1,'admins1','用户【admins1】登录成功','127.0.0.1',1,1537260664,1),(346,1,'admins1','用户【admins1】登录成功','127.0.0.1',1,1537270206,1),(347,1,'admins1','用户【admins1】登录成功','127.0.0.1',1,1537318083,1),(348,1,'admins1','用户【admins1】登录成功','127.0.0.1',1,1537335524,1),(349,1,'admins1','用户【admins1】登录成功','127.0.0.1',1,1537355201,1),(350,1,'admins1','用户【admins1】添加菜单成功！','127.0.0.1',1,1537356615,1),(351,1,'admins1','用户【admins1】添加菜单成功！','127.0.0.1',1,1537356669,1),(352,1,'admins1','用户【admins1】权限分配成功！','127.0.0.1',1,1537356803,1),(353,1,'admins1','用户【admins1】退出登录！','127.0.0.1',1,1537357015,1),(354,1,'admins1','用户【admins1】登录成功','127.0.0.1',1,1537357019,1),(355,1,'admins1','用户【admins1】登录成功','127.0.0.1',1,1537404734,1),(356,1,'admins1','用户【admins1】添加菜单成功！','127.0.0.1',1,1537411435,1),(357,1,'admins1','用户【admins1】权限分配成功！','127.0.0.1',1,1537411454,1),(358,1,'admins1','用户【admins1】登录成功','127.0.0.1',1,1537421245,1),(359,1,'admins1','用户【admins1】添加菜单成功！','127.0.0.1',1,1537435914,1),(360,1,'admins1','用户【admins1】权限分配成功！','127.0.0.1',1,1537435963,1),(361,1,'admins1','用户【admins1】权限分配成功！','127.0.0.1',1,1537435968,1),(362,1,'admins1','用户【admins1】权限分配成功！','127.0.0.1',1,1537435968,1),(363,1,'admins1','用户【admins1】添加菜单成功！','127.0.0.1',1,1537439345,1),(364,1,'admins1','用户【admins1】权限分配成功！','127.0.0.1',1,1537439354,1),(365,NULL,NULL,'用户【】输入密码不正确','127.0.0.1',0,1537447749,1),(366,NULL,NULL,'用户【】输入密码不正确','127.0.0.1',0,1537447770,1),(367,1,'admins1','用户【admins1】登录成功','127.0.0.1',1,1537447785,1),(368,NULL,NULL,'用户【】输入密码不正确','127.0.0.1',0,1538880796,1),(369,1,'admins1','用户【admins1】登录成功','127.0.0.1',1,1538880804,1),(370,1,'admins1','用户【admins1】更新角色状态成功！','127.0.0.1',1,1538880829,1),(371,1,'admins1','用户【admins1】退出登录！','127.0.0.1',1,1538880880,1),(372,NULL,NULL,'用户【】输入密码不正确','127.0.0.1',0,1538979744,1),(373,1,'admins1','用户【admins1】登录成功','127.0.0.1',1,1538979757,1),(374,1,'admins1','用户【admins1】更新角色状态成功！','127.0.0.1',1,1538979984,1),(375,1,'admins1','用户【admins1】登录成功','127.0.0.1',1,1538991059,1),(376,1,'admins1','用户【admins1】登录成功','127.0.0.1',1,1539048873,1),(377,1,'admins1','用户【admins1】登录成功','127.0.0.1',1,1539067921,1),(378,1,'admins1','用户【admins1】更新角色状态成功！','127.0.0.1',1,1539067937,1),(379,1,'admins1','用户【admins1】登录成功','127.0.0.1',1,1540171765,1),(380,1,'admins1','用户【admins1】登录成功','127.0.0.1',1,1540191379,1),(381,1,'admins1','用户【admins1】登录成功','127.0.0.1',1,1540203823,1);
/*!40000 ALTER TABLE `wf_log` ENABLE KEYS */;
UNLOCK TABLES;
/*!40103 SET TIME_ZONE=@OLD_TIME_ZONE */;

/*!40101 SET SQL_MODE=@OLD_SQL_MODE */;
/*!40014 SET FOREIGN_KEY_CHECKS=@OLD_FOREIGN_KEY_CHECKS */;
/*!40014 SET UNIQUE_CHECKS=@OLD_UNIQUE_CHECKS */;
/*!40101 SET CHARACTER_SET_CLIENT=@OLD_CHARACTER_SET_CLIENT */;
/*!40101 SET CHARACTER_SET_RESULTS=@OLD_CHARACTER_SET_RESULTS */;
/*!40101 SET COLLATION_CONNECTION=@OLD_COLLATION_CONNECTION */;
/*!40111 SET SQL_NOTES=@OLD_SQL_NOTES */;

-- Dump completed on 2018-10-22 18:24:02
